{"cameraMode":{"drawMode":0,"name":"Shaded","section":"Shading Mode"},"sceneLighting":false,"audioPlay":false,"sceneViewState":{"m_AlwaysRefresh":false,"showFog":false,"showSkybox":false,"showFlares":false,"showImageEffects":false,"showParticleSystems":false,"showVisualEffectGraphs":true,"m_FxEnabled":true},"in2DMode":false,"pivot":{"x":-1.274794578552246,"y":-0.28695178031921389,"z":0.2657010555267334},"rotation":{"x":-0.019550805911421777,"y":0.977275550365448,"z":-0.18421708047389985,"w":-0.10394962877035141},"size":2.2678027153015138,"orthographic":false}