{"cameraMode":{"drawMode":0,"name":"Shaded","section":"Shading Mode"},"sceneLighting":false,"audioPlay":false,"sceneViewState":{"m_AlwaysRefresh":false,"showFog":false,"showSkybox":false,"showFlares":false,"showImageEffects":false,"showParticleSystems":false,"showVisualEffectGraphs":true,"m_FxEnabled":true},"in2DMode":false,"pivot":{"x":0.1067623719573021,"y":2.0831387042999269,"z":2.1396982669830324},"rotation":{"x":0.053537655621767047,"y":-0.1269560307264328,"z":0.006866593845188618,"w":0.9905126690864563},"size":0.07071065902709961,"orthographic":false}