{"cameraMode":{"drawMode":0,"name":"Shaded","section":"Shading Mode"},"sceneLighting":true,"audioPlay":false,"sceneViewState":{"m_AlwaysRefresh":false,"showFog":false,"showSkybox":false,"showFlares":false,"showImageEffects":false,"showParticleSystems":false,"showVisualEffectGraphs":true,"m_FxEnabled":true},"in2DMode":false,"pivot":{"x":1.9254205226898194,"y":4.124260902404785,"z":-7.836968421936035},"rotation":{"x":0.0359630361199379,"y":-0.040443144738674167,"z":0.0014766710810363293,"w":0.9986110925674439},"size":2.181415557861328,"orthographic":false}