{"cameraMode":{"drawMode":0,"name":"Shaded","section":"Shading Mode"},"sceneLighting":true,"audioPlay":false,"sceneViewState":{"m_AlwaysRefresh":false,"showFog":false,"showSkybox":false,"showFlares":false,"showImageEffects":false,"showParticleSystems":false,"showVisualEffectGraphs":true,"m_FxEnabled":true},"in2DMode":false,"pivot":{"x":-31.685304641723634,"y":11.481982231140137,"z":-18.252531051635743},"rotation":{"x":0.01763763837516308,"y":0.9790984988212586,"z":0.09088610112667084,"w":-0.1823991984128952},"size":17.304956436157228,"orthographic":false}