{"cameraMode":{"drawMode":0,"name":"Shaded","section":"Shading Mode"},"sceneLighting":true,"audioPlay":false,"sceneViewState":{"m_AlwaysRefresh":false,"showFog":false,"showSkybox":false,"showFlares":false,"showImageEffects":false,"showParticleSystems":false,"showVisualEffectGraphs":true,"m_FxEnabled":true},"in2DMode":false,"pivot":{"x":15.981085777282715,"y":-1.8652842044830323,"z":-15.489771842956543},"rotation":{"x":0.026290666311979295,"y":0.9494200944900513,"z":-0.08002504706382752,"w":0.3032827079296112},"size":17.304956436157228,"orthographic":false}