{"cameraMode":{"drawMode":0,"name":"Shaded","section":"Shading Mode"},"sceneLighting":false,"audioPlay":false,"sceneViewState":{"m_AlwaysRefresh":false,"showFog":false,"showSkybox":false,"showFlares":false,"showImageEffects":false,"showParticleSystems":false,"showVisualEffectGraphs":true,"m_FxEnabled":true},"in2DMode":false,"pivot":{"x":-0.00003210415889043361,"y":0.0009970481041818858,"z":-0.000130554661154747},"rotation":{"x":-0.02875027246773243,"y":0.9181810617446899,"z":-0.06791357696056366,"w":-0.38944414258003237},"size":0.0014249940868467093,"orthographic":false}