{"cameraMode":{"drawMode":0,"name":"Shaded","section":"Shading Mode"},"sceneLighting":false,"audioPlay":false,"sceneViewState":{"m_AlwaysRefresh":false,"showFog":false,"showSkybox":false,"showFlares":false,"showImageEffects":false,"showParticleSystems":false,"showVisualEffectGraphs":true,"m_FxEnabled":true},"in2DMode":false,"pivot":{"x":-0.00003210415889043361,"y":0.0010860026814043522,"z":0.0001323856704402715},"rotation":{"x":0.06834010779857636,"y":-0.5740487575531006,"z":-0.04815138503909111,"w":-0.8146435022354126},"size":0.001269832137040794,"orthographic":false}